DateID,Order date,Order Year,Order Month,Order Day
1,2015-02-21,2015,2,21
2,2015-03-02,2015,3,2
3,2015-04-18,2015,4,18
4,2015-06-10,2015,6,10
5,2015-10-09,2015,10,9
6,2015-10-13,2015,10,13
7,2015-11-06,2015,11,6
8,2015-11-15,2015,11,15
9,2015-11-16,2015,11,16
10,2015-12-11,2015,12,11
11,2016-01-05,2016,1,5
12,2016-02-04,2016,2,4
13,2016-02-07,2016,2,7
14,2016-03-09,2016,3,9
15,2016-05-08,2016,5,8
16,2016-06-03,2016,6,3
17,2016-06-29,2016,6,29
18,2016-07-02,2016,7,2
19,2016-08-06,2016,8,6
20,2016-08-24,2016,8,24
21,2016-09-23,2016,9,23
22,2016-09-28,2016,9,28
23,2016-12-20,2016,12,20
24,2016-12-24,2016,12,24
25,2017-02-21,2017,2,21
26,2017-03-26,2017,3,26
27,2017-05-12,2017,5,12
28,2017-05-16,2017,5,16
29,2017-07-16,2017,7,16
30,2017-07-17,2017,7,17
31,2017-07-22,2017,7,22
32,2017-09-17,2017,9,17
33,2015-04-13,2015,4,13
34,2015-04-28,2015,4,28
35,2015-06-13,2015,6,13
36,2015-10-27,2015,10,27
37,2017-07-02,2017,7,2
38,2017-08-18,2017,8,18
39,2015-03-04,2015,3,4
40,2015-08-10,2015,8,10
41,2015-10-28,2015,10,28
42,2016-01-23,2016,1,23
43,2016-01-27,2016,1,27
44,2016-01-30,2016,1,30
45,2016-07-08,2016,7,8
46,2016-07-29,2016,7,29
47,2016-10-17,2016,10,17
48,2016-11-06,2016,11,6
49,2017-01-28,2017,1,28
50,2017-06-11,2017,6,11
51,2017-07-30,2017,7,30
52,2015-01-30,2015,1,30
53,2015-02-07,2015,2,7
54,2015-02-10,2015,2,10
55,2015-02-13,2015,2,13
56,2015-04-12,2015,4,12
57,2015-04-22,2015,4,22
58,2015-04-25,2015,4,25
59,2015-06-08,2015,6,8
60,2015-06-12,2015,6,12
61,2015-10-22,2015,10,22
62,2015-11-27,2015,11,27
63,2015-12-05,2015,12,5
64,2016-01-15,2016,1,15
65,2016-02-19,2016,2,19
66,2016-02-20,2016,2,20
67,2016-03-10,2016,3,10
68,2016-03-22,2016,3,22
69,2016-03-25,2016,3,25
70,2016-04-01,2016,4,1
71,2016-07-11,2016,7,11
72,2016-08-09,2016,8,9
73,2016-10-15,2016,10,15
74,2017-02-17,2017,2,17
75,2017-03-28,2017,3,28
76,2017-04-01,2017,4,1
77,2017-04-12,2017,4,12
78,2017-06-13,2017,6,13
79,2017-08-13,2017,8,13
80,2017-09-11,2017,9,11
81,2015-04-23,2015,4,23
82,2015-09-12,2015,9,12
83,2015-09-17,2015,9,17
84,2015-10-03,2015,10,3
85,2015-12-16,2015,12,16
86,2016-02-18,2016,2,18
87,2016-06-02,2016,6,2
88,2016-10-18,2016,10,18
89,2016-11-21,2016,11,21
90,2016-11-28,2016,11,28
91,2016-12-07,2016,12,7
92,2017-03-12,2017,3,12
93,2017-03-20,2017,3,20
94,2017-04-09,2017,4,9
95,2017-04-16,2017,4,16
96,2017-05-25,2017,5,25
97,2017-08-02,2017,8,2
98,2015-08-20,2015,8,20
99,2015-08-23,2015,8,23
100,2015-10-29,2015,10,29
101,2015-11-11,2015,11,11
102,2016-04-22,2016,4,22
103,2016-05-02,2016,5,2
104,2016-05-22,2016,5,22
105,2016-10-03,2016,10,3
106,2017-02-20,2017,2,20
107,2015-01-01,2015,1,1
108,2015-01-04,2015,1,4
109,2015-01-29,2015,1,29
110,2015-03-29,2015,3,29
111,2015-04-01,2015,4,1
112,2015-05-02,2015,5,2
113,2015-05-13,2015,5,13
114,2015-06-07,2015,6,7
115,2015-07-17,2015,7,17
116,2015-09-03,2015,9,3
117,2015-09-09,2015,9,9
118,2015-11-30,2015,11,30
119,2015-12-26,2015,12,26
120,2016-04-13,2016,4,13
121,2016-04-28,2016,4,28
122,2016-05-07,2016,5,7
123,2016-05-14,2016,5,14
124,2016-06-21,2016,6,21
125,2016-09-14,2016,9,14
126,2016-09-19,2016,9,19
127,2017-01-26,2017,1,26
128,2017-03-27,2017,3,27
129,2017-04-14,2017,4,14
130,2017-05-15,2017,5,15
131,2017-08-01,2017,8,1
132,2017-08-28,2017,8,28
133,2015-01-07,2015,1,7
134,2015-04-09,2015,4,9
135,2015-04-21,2015,4,21
136,2015-06-21,2015,6,21
137,2015-08-27,2015,8,27
138,2015-09-14,2015,9,14
139,2015-09-25,2015,9,25
140,2015-11-28,2015,11,28
141,2016-02-27,2016,2,27
142,2016-09-07,2016,9,7
143,2017-01-29,2017,1,29
144,2017-02-02,2017,2,2
145,2017-02-15,2017,2,15
146,2017-05-22,2017,5,22
147,2017-06-02,2017,6,2
148,2017-09-22,2017,9,22
149,2015-01-23,2015,1,23
150,2015-03-31,2015,3,31
151,2015-04-04,2015,4,4
152,2015-05-07,2015,5,7
153,2015-06-20,2015,6,20
154,2015-06-23,2015,6,23
155,2015-07-02,2015,7,2
156,2015-07-07,2015,7,7
157,2015-08-26,2015,8,26
158,2015-10-05,2015,10,5
159,2016-02-14,2016,2,14
160,2016-09-25,2016,9,25
161,2016-12-08,2016,12,8
162,2016-12-13,2016,12,13
163,2017-01-15,2017,1,15
164,2017-02-04,2017,2,4
165,2017-02-19,2017,2,19
166,2017-09-04,2017,9,4
167,2017-09-23,2017,9,23
168,2015-01-13,2015,1,13
169,2015-02-18,2015,2,18
170,2015-02-28,2015,2,28
171,2015-09-16,2015,9,16
172,2016-06-01,2016,6,1
173,2016-06-14,2016,6,14
174,2016-09-17,2016,9,17
175,2017-07-07,2017,7,7
176,2017-08-31,2017,8,31
177,2017-09-07,2017,9,7
178,2015-03-11,2015,3,11
179,2016-05-24,2016,5,24
180,2017-07-13,2017,7,13
181,2015-03-14,2015,3,14
182,2016-07-03,2016,7,3
183,2016-09-04,2016,9,4
184,2016-09-29,2016,9,29
185,2016-11-25,2016,11,25
186,2017-03-23,2017,3,23
187,2017-07-08,2017,7,8
188,2017-08-20,2017,8,20
189,2015-02-04,2015,2,4
190,2015-07-13,2015,7,13
191,2015-08-12,2015,8,12
192,2015-09-15,2015,9,15
193,2015-10-10,2015,10,10
194,2016-02-10,2016,2,10
195,2016-04-06,2016,4,6
196,2016-07-28,2016,7,28
197,2016-08-29,2016,8,29
198,2016-11-26,2016,11,26
199,2017-01-23,2017,1,23
200,2017-03-21,2017,3,21
201,2017-04-25,2017,4,25
202,2017-05-20,2017,5,20
203,2017-07-09,2017,7,9
204,2015-04-27,2015,4,27
205,2015-09-10,2015,9,10
206,2015-12-14,2015,12,14
207,2016-03-31,2016,3,31
208,2016-04-29,2016,4,29
209,2016-05-10,2016,5,10
210,2017-01-19,2017,1,19
211,2017-07-14,2017,7,14
212,2017-08-21,2017,8,21
213,2015-01-18,2015,1,18
214,2015-01-27,2015,1,27
215,2015-05-21,2015,5,21
216,2015-08-16,2015,8,16
217,2016-01-11,2016,1,11
218,2016-01-13,2016,1,13
219,2016-08-30,2016,8,30
220,2017-08-15,2017,8,15
221,2015-04-06,2015,4,6
222,2015-09-18,2015,9,18
223,2016-11-20,2016,11,20
224,2017-06-23,2017,6,23
225,2015-06-19,2015,6,19
226,2015-11-04,2015,11,4
227,2017-08-10,2017,8,10
228,2017-09-13,2017,9,13
229,2015-03-22,2015,3,22
230,2016-05-30,2016,5,30
231,2016-10-20,2016,10,20
232,2017-01-18,2017,1,18
233,2017-06-22,2017,6,22
234,2015-07-14,2015,7,14
235,2015-11-08,2015,11,8
236,2016-02-03,2016,2,3
237,2016-03-03,2016,3,3
238,2016-08-05,2016,8,5
239,2016-10-02,2016,10,2
240,2016-10-24,2016,10,24
241,2016-12-21,2016,12,21
242,2017-01-14,2017,1,14
243,2015-06-22,2015,6,22
244,2016-10-27,2016,10,27
245,2017-01-20,2017,1,20
246,2017-09-05,2017,9,5
247,2015-01-09,2015,1,9
248,2015-02-15,2015,2,15
249,2015-07-21,2015,7,21
250,2016-03-11,2016,3,11
251,2016-11-24,2016,11,24
252,2016-12-28,2016,12,28
253,2017-03-14,2017,3,14
254,2017-06-12,2017,6,12
255,2017-07-20,2017,7,20
256,2017-08-11,2017,8,11
257,2015-04-24,2015,4,24
258,2015-06-11,2015,6,11
259,2015-06-15,2015,6,15
260,2016-02-28,2016,2,28
261,2016-05-05,2016,5,5
262,2016-05-28,2016,5,28
263,2016-06-08,2016,6,8
264,2015-10-17,2015,10,17
265,2015-12-12,2015,12,12
266,2015-12-15,2015,12,15
267,2016-12-30,2016,12,30
268,2015-01-31,2015,1,31
269,2015-05-11,2015,5,11
270,2015-05-25,2015,5,25
271,2015-07-12,2015,7,12
272,2016-04-02,2016,4,2
273,2016-05-01,2016,5,1
274,2016-08-25,2016,8,25
275,2016-10-28,2016,10,28
276,2017-02-18,2017,2,18
277,2017-03-18,2017,3,18
278,2015-05-12,2015,5,12
279,2016-02-11,2016,2,11
280,2016-03-02,2016,3,2
281,2016-07-31,2016,7,31
282,2016-08-21,2016,8,21
283,2017-04-20,2017,4,20
284,2015-08-19,2015,8,19
285,2016-08-04,2016,8,4
286,2016-12-19,2016,12,19
287,2017-06-14,2017,6,14
288,2016-05-06,2016,5,6
289,2017-05-23,2017,5,23
290,2015-11-09,2015,11,9
291,2016-03-13,2016,3,13
292,2017-02-25,2017,2,25
293,2015-09-06,2015,9,6
294,2016-02-02,2016,2,2
295,2015-09-13,2015,9,13
296,2015-12-10,2015,12,10
297,2017-09-14,2017,9,14
298,2016-01-31,2016,1,31
299,2015-02-01,2015,2,1
300,2015-05-17,2015,5,17
301,2015-08-08,2015,8,8
302,2016-01-09,2016,1,9
303,2016-06-06,2016,6,6
304,2016-06-25,2016,6,25
305,2016-06-28,2016,6,28
306,2016-07-23,2016,7,23
307,2016-01-10,2016,1,10
308,2016-04-04,2016,4,4
309,2017-03-15,2017,3,15
310,2015-01-02,2015,1,2
311,2015-01-21,2015,1,21
312,2015-09-07,2015,9,7
313,2016-08-31,2016,8,31
314,2015-10-15,2015,10,15
315,2017-09-08,2017,9,8
316,2015-04-26,2015,4,26
317,2015-05-14,2015,5,14
318,2015-07-09,2015,7,9
319,2016-03-04,2016,3,4
320,2016-06-24,2016,6,24
321,2017-04-17,2017,4,17
322,2017-04-26,2017,4,26
323,2015-07-10,2015,7,10
324,2016-04-10,2016,4,10
325,2016-04-27,2016,4,27
326,2017-09-09,2017,9,9
327,2015-08-22,2015,8,22
328,2016-01-14,2016,1,14
329,2016-05-26,2016,5,26
330,2016-05-31,2016,5,31
331,2016-12-16,2016,12,16
332,2015-01-15,2015,1,15
333,2015-04-05,2015,4,5
334,2015-07-19,2015,7,19
335,2015-10-08,2015,10,8
336,2015-11-03,2015,11,3
337,2016-02-08,2016,2,8
338,2016-08-28,2016,8,28
339,2016-10-26,2016,10,26
340,2017-05-14,2017,5,14
341,2016-01-04,2016,1,4
342,2016-03-12,2016,3,12
343,2016-08-26,2016,8,26
344,2017-04-21,2017,4,21
345,2015-03-23,2015,3,23
346,2015-04-03,2015,4,3
347,2015-10-19,2015,10,19
348,2016-09-05,2016,9,5
349,2015-05-19,2015,5,19
350,2015-11-17,2015,11,17
351,2016-01-07,2016,1,7
352,2016-07-14,2016,7,14
353,2017-02-24,2017,2,24
354,2015-06-17,2015,6,17
355,2015-07-05,2015,7,5
356,2015-12-17,2015,12,17
357,2016-06-15,2016,6,15
358,2016-06-27,2016,6,27
359,2016-08-19,2016,8,19
360,2016-10-07,2016,10,7
361,2016-11-02,2016,11,2
362,2016-11-10,2016,11,10
363,2017-08-06,2017,8,6
364,2016-04-11,2016,4,11
365,2017-08-16,2017,8,16
366,2015-01-20,2015,1,20
367,2016-10-19,2016,10,19
368,2017-07-21,2017,7,21
369,2017-08-07,2017,8,7
370,2017-04-15,2017,4,15
371,2015-01-24,2015,1,24
372,2015-12-03,2015,12,3
373,2016-10-22,2016,10,22
374,2015-03-26,2015,3,26
375,2015-07-08,2015,7,8
376,2015-07-11,2015,7,11
377,2015-11-24,2015,11,24
378,2015-12-20,2015,12,20
379,2016-01-02,2016,1,2
380,2016-08-03,2016,8,3
381,2016-08-11,2016,8,11
382,2016-09-02,2016,9,2
383,2017-02-27,2017,2,27
384,2017-07-29,2017,7,29
385,2017-08-14,2017,8,14
386,2017-09-01,2017,9,1
387,2015-10-02,2015,10,2
388,2016-02-25,2016,2,25
389,2016-08-10,2016,8,10
390,2016-08-18,2016,8,18
391,2016-09-18,2016,9,18
392,2016-10-11,2016,10,11
393,2017-01-27,2017,1,27
394,2017-03-11,2017,3,11
395,2017-04-24,2017,4,24
396,2017-06-04,2017,6,4
397,2017-08-03,2017,8,3
398,2017-08-22,2017,8,22
399,2015-03-25,2015,3,25
400,2015-06-05,2015,6,5
401,2016-08-13,2016,8,13
402,2016-11-22,2016,11,22
403,2016-12-23,2016,12,23
404,2015-02-08,2015,2,8
405,2015-11-01,2015,11,1
406,2016-04-20,2016,4,20
407,2016-09-06,2016,9,6
408,2017-03-10,2017,3,10
409,2017-03-16,2017,3,16
410,2016-12-29,2016,12,29
411,2015-01-26,2015,1,26
412,2015-02-09,2015,2,9
413,2015-12-06,2015,12,6
414,2016-09-24,2016,9,24
415,2015-03-17,2015,3,17
416,2016-02-06,2016,2,6
417,2016-05-27,2016,5,27
418,2017-06-17,2017,6,17
419,2015-03-10,2015,3,10
420,2015-07-23,2015,7,23
421,2017-03-25,2017,3,25
422,2015-02-19,2015,2,19
423,2016-03-29,2016,3,29
424,2015-09-19,2015,9,19
425,2015-12-07,2015,12,7
426,2015-03-07,2015,3,7
427,2015-07-18,2015,7,18
428,2016-05-11,2016,5,11
429,2015-02-06,2015,2,6
430,2015-06-18,2015,6,18
431,2017-01-24,2017,1,24
432,2017-05-18,2017,5,18
433,2017-06-10,2017,6,10
434,2017-09-10,2017,9,10
435,2015-04-30,2015,4,30
436,2015-02-25,2015,2,25
437,2017-01-17,2017,1,17
438,2015-04-15,2015,4,15
439,2016-08-01,2016,8,1
440,2016-11-18,2016,11,18
441,2016-04-05,2016,4,5
442,2016-03-08,2016,3,8
443,2015-01-03,2015,1,3
444,2015-01-17,2015,1,17
445,2015-08-15,2015,8,15
446,2016-11-17,2016,11,17
447,2017-08-12,2017,8,12
448,2016-04-30,2016,4,30
449,2017-06-09,2017,6,9
450,2015-08-17,2015,8,17
451,2015-10-14,2015,10,14
452,2015-12-08,2015,12,8
453,2017-02-12,2017,2,12
454,2015-03-08,2015,3,8
455,2016-05-25,2016,5,25
456,2016-12-17,2016,12,17
457,2017-09-18,2017,9,18
458,2015-05-03,2015,5,3
459,2016-04-09,2016,4,9
460,2017-06-18,2017,6,18
461,2017-07-18,2017,7,18
462,2016-09-03,2016,9,3
463,2016-12-01,2016,12,1
464,2017-03-24,2017,3,24
465,2015-05-26,2015,5,26
466,2015-06-14,2015,6,14
467,2016-07-06,2016,7,6
468,2017-02-16,2017,2,16
469,2017-04-13,2017,4,13
470,2015-02-24,2015,2,24
471,2015-05-23,2015,5,23
472,2015-08-18,2015,8,18
473,2016-09-27,2016,9,27
474,2017-02-22,2017,2,22
475,2015-02-16,2015,2,16
476,2016-03-28,2016,3,28
477,2016-08-27,2016,8,27
478,2016-12-25,2016,12,25
479,2017-05-19,2017,5,19
480,2017-06-19,2017,6,19
481,2015-09-11,2015,9,11
482,2015-11-12,2015,11,12
483,2015-02-03,2015,2,3
484,2015-03-20,2015,3,20
485,2016-01-06,2016,1,6
486,2016-07-05,2016,7,5
487,2017-05-24,2017,5,24
488,2017-08-08,2017,8,8
489,2015-01-05,2015,1,5
490,2016-07-01,2016,7,1
491,2016-07-04,2016,7,4
492,2017-01-22,2017,1,22
493,2017-05-11,2017,5,11
494,2017-09-12,2017,9,12
495,2017-09-19,2017,9,19
496,2015-01-12,2015,1,12
497,2015-06-16,2015,6,16
498,2016-07-27,2016,7,27
499,2016-07-30,2016,7,30
500,2015-03-09,2015,3,9
501,2015-04-20,2015,4,20
502,2015-09-20,2015,9,20
503,2016-01-12,2016,1,12
504,2016-06-04,2016,6,4
505,2016-10-31,2016,10,31
506,2015-05-05,2015,5,5
507,2016-01-08,2016,1,8
508,2017-05-04,2017,5,4
509,2017-07-10,2017,7,10
510,2015-03-01,2015,3,1
511,2015-03-05,2015,3,5
512,2015-05-15,2015,5,15
513,2017-08-19,2017,8,19
514,2015-11-07,2015,11,7
515,2016-02-29,2016,2,29
516,2015-02-27,2015,2,27
517,2015-04-29,2015,4,29
518,2016-01-01,2016,1,1
519,2016-11-30,2016,11,30
520,2015-07-15,2015,7,15
521,2015-12-04,2015,12,4
522,2016-09-22,2016,9,22
523,2015-01-06,2015,1,6
524,2015-05-01,2015,5,1
525,2015-06-26,2015,6,26
526,2015-08-14,2015,8,14
527,2016-04-03,2016,4,3
528,2016-11-27,2016,11,27
529,2016-12-03,2016,12,3
530,2017-04-07,2017,4,7
531,2017-04-11,2017,4,11
532,2017-05-21,2017,5,21
533,2017-08-05,2017,8,5
534,2016-09-20,2016,9,20
535,2015-04-07,2015,4,7
536,2017-10-01,2017,10,1
537,2015-01-22,2015,1,22
538,2015-03-19,2015,3,19
539,2015-11-19,2015,11,19
540,2017-01-12,2017,1,12
541,2015-11-25,2015,11,25
542,2015-12-29,2015,12,29
543,2016-02-13,2016,2,13
544,2016-11-09,2016,11,9
545,2017-06-27,2017,6,27
546,2017-07-04,2017,7,4
547,2015-10-06,2015,10,6
548,2015-10-12,2015,10,12
549,2016-07-26,2016,7,26
550,2016-10-29,2016,10,29
551,2017-01-09,2017,1,9
552,2017-03-09,2017,3,9
553,2017-05-17,2017,5,17
554,2017-06-05,2017,6,5
555,2017-06-29,2017,6,29
556,2017-07-11,2017,7,11
557,2017-07-24,2017,7,24
558,2017-08-04,2017,8,4
559,2017-08-09,2017,8,9
560,2017-08-23,2017,8,23
561,2017-09-25,2017,9,25
562,2015-01-11,2015,1,11
563,2017-03-22,2017,3,22
564,2015-03-03,2015,3,3
565,2015-05-09,2015,5,9
566,2016-12-26,2016,12,26
567,2017-04-22,2017,4,22
568,2015-01-10,2015,1,10
569,2015-03-28,2015,3,28
570,2015-05-08,2015,5,8
571,2015-08-02,2015,8,2
572,2015-11-02,2015,11,2
573,2015-01-08,2015,1,8
574,2017-03-17,2017,3,17
575,2015-05-20,2015,5,20
576,2015-10-18,2015,10,18
577,2016-05-29,2016,5,29
578,2016-10-30,2016,10,30
579,2016-06-07,2016,6,7
580,2016-10-04,2016,10,4
581,2017-04-23,2017,4,23
582,2016-08-22,2016,8,22
583,2017-06-21,2017,6,21
584,2015-06-24,2015,6,24
585,2017-02-26,2017,2,26
586,2015-06-06,2015,6,6
587,2015-09-26,2015,9,26
588,2015-12-02,2015,12,2
589,2015-12-25,2015,12,25
590,2016-03-18,2016,3,18
591,2016-06-22,2016,6,22
592,2017-01-25,2017,1,25
593,2017-07-15,2017,7,15
594,2017-06-07,2017,6,7
595,2016-01-03,2016,1,3
596,2015-03-24,2015,3,24
597,2015-06-01,2015,6,1
598,2015-08-05,2015,8,5
599,2015-08-13,2015,8,13
600,2015-09-24,2015,9,24
601,2015-12-23,2015,12,23
602,2016-09-01,2016,9,1
603,2016-11-05,2016,11,5
604,2016-12-09,2016,12,9
605,2016-12-10,2016,12,10
606,2017-02-28,2017,2,28
607,2017-07-25,2017,7,25
608,2016-03-26,2016,3,26
609,2015-12-28,2015,12,28
610,2016-08-12,2016,8,12
611,2016-08-20,2016,8,20
612,2017-09-30,2017,9,30
613,2015-07-29,2015,7,29
614,2015-09-08,2015,9,8
615,2015-10-01,2015,10,1
616,2016-07-07,2016,7,7
617,2016-04-26,2016,4,26
618,2016-07-24,2016,7,24
619,2016-05-21,2016,5,21
620,2015-01-19,2015,1,19
621,2015-03-13,2015,3,13
622,2015-03-15,2015,3,15
623,2015-03-27,2015,3,27
624,2015-04-14,2015,4,14
625,2015-10-25,2015,10,25
626,2016-03-30,2016,3,30
627,2016-04-19,2016,4,19
628,2016-04-23,2016,4,23
629,2016-04-24,2016,4,24
630,2016-11-14,2016,11,14
631,2017-02-08,2017,2,8
632,2017-08-30,2017,8,30
633,2017-09-20,2017,9,20
634,2015-02-20,2015,2,20
635,2015-02-22,2015,2,22
636,2015-08-11,2015,8,11
637,2015-09-04,2015,9,4
638,2015-10-07,2015,10,7
639,2016-02-22,2016,2,22
640,2016-05-09,2016,5,9
641,2017-02-11,2017,2,11
642,2017-06-26,2017,6,26
643,2017-01-01,2017,1,1
644,2015-07-04,2015,7,4
645,2015-07-28,2015,7,28
646,2015-08-07,2015,8,7
647,2015-11-13,2015,11,13
648,2016-03-05,2016,3,5
649,2016-05-18,2016,5,18
650,2016-05-20,2016,5,20
651,2016-06-11,2016,6,11
652,2016-09-10,2016,9,10
653,2016-10-10,2016,10,10
654,2017-01-10,2017,1,10
655,2017-04-05,2017,4,5
656,2017-05-03,2017,5,3
657,2015-01-16,2015,1,16
658,2015-05-31,2015,5,31
659,2015-10-20,2015,10,20
660,2015-11-10,2015,11,10
661,2016-01-26,2016,1,26
662,2016-12-12,2016,12,12
663,2017-08-29,2017,8,29
664,2017-07-12,2017,7,12
665,2016-11-29,2016,11,29
666,2015-01-14,2015,1,14
667,2016-09-26,2016,9,26
668,2015-03-30,2015,3,30
669,2015-07-01,2015,7,1
670,2015-09-29,2015,9,29
671,2015-11-05,2015,11,5
672,2016-06-09,2016,6,9
673,2016-09-12,2016,9,12
674,2016-12-22,2016,12,22
675,2016-12-27,2016,12,27
676,2017-08-25,2017,8,25
677,2016-02-15,2016,2,15
678,2015-06-25,2015,6,25
679,2015-12-22,2015,12,22
680,2016-01-18,2016,1,18
681,2016-02-01,2016,2,1
682,2016-02-21,2016,2,21
683,2017-04-06,2017,4,6
684,2017-04-19,2017,4,19
685,2017-05-10,2017,5,10
686,2017-07-03,2017,7,3
687,2016-01-28,2016,1,28
688,2016-01-29,2016,1,29
689,2015-07-03,2015,7,3
690,2015-09-21,2015,9,21
691,2017-01-02,2017,1,2
692,2017-03-07,2017,3,7
693,2017-07-01,2017,7,1
694,2016-11-01,2016,11,1
695,2015-10-04,2015,10,4
696,2015-12-24,2015,12,24
697,2016-12-14,2016,12,14
698,2017-06-24,2017,6,24
699,2017-06-28,2017,6,28
700,2017-07-28,2017,7,28
701,2015-03-21,2015,3,21
702,2015-05-30,2015,5,30
703,2017-02-01,2017,2,1
704,2017-02-14,2017,2,14
705,2017-05-02,2017,5,2
706,2017-05-05,2017,5,5
707,2015-08-09,2015,8,9
708,2017-09-03,2017,9,3
709,2016-03-27,2016,3,27
710,2015-04-10,2015,4,10
711,2015-10-16,2015,10,16
712,2015-12-01,2015,12,1
713,2015-12-30,2015,12,30
714,2016-01-16,2016,1,16
715,2016-01-19,2016,1,19
716,2017-01-21,2017,1,21
717,2017-03-05,2017,3,5
718,2016-04-08,2016,4,8
719,2016-08-02,2016,8,2
720,2015-03-06,2015,3,6
721,2015-05-29,2015,5,29
722,2017-03-19,2017,3,19
723,2017-02-13,2017,2,13
724,2017-06-16,2017,6,16
725,2015-02-12,2015,2,12
726,2016-10-01,2016,10,1
727,2015-07-25,2015,7,25
728,2015-08-01,2015,8,1
729,2015-08-04,2015,8,4
730,2016-03-23,2016,3,23
731,2016-05-13,2016,5,13
732,2016-09-15,2016,9,15
733,2016-12-31,2016,12,31
734,2017-01-16,2017,1,16
735,2017-02-10,2017,2,10
736,2015-05-10,2015,5,10
737,2016-07-22,2016,7,22
738,2017-04-03,2017,4,3
739,2017-09-02,2017,9,2
740,2015-10-21,2015,10,21
741,2015-12-31,2015,12,31
742,2016-02-16,2016,2,16
743,2016-02-23,2016,2,23
744,2016-07-16,2016,7,16
745,2016-10-05,2016,10,5
746,2015-07-31,2015,7,31
747,2016-04-17,2016,4,17
748,2017-02-03,2017,2,3
749,2017-02-06,2017,2,6
750,2015-11-18,2015,11,18
751,2016-07-25,2016,7,25
752,2016-12-11,2016,12,11
753,2017-08-17,2017,8,17
754,2016-04-16,2016,4,16
755,2017-04-04,2017,4,4
756,2017-04-30,2017,4,30
757,2015-12-27,2015,12,27
758,2016-03-21,2016,3,21
759,2015-08-03,2015,8,3
760,2016-03-06,2016,3,6
761,2016-10-06,2016,10,6
762,2016-10-13,2016,10,13
763,2015-05-22,2015,5,22
764,2017-05-07,2017,5,7
765,2017-06-30,2017,6,30
766,2015-08-21,2015,8,21
767,2016-04-15,2016,4,15
768,2016-07-09,2016,7,9
769,2016-12-15,2016,12,15
770,2017-07-19,2017,7,19
771,2015-08-30,2015,8,30
772,2016-06-05,2016,6,5
773,2017-02-23,2017,2,23
774,2016-01-20,2016,1,20
775,2016-06-18,2016,6,18
776,2016-08-23,2016,8,23
777,2017-01-05,2017,1,5
778,2017-07-23,2017,7,23
779,2015-10-26,2015,10,26
780,2017-09-06,2017,9,6
781,2015-02-11,2015,2,11
782,2016-09-11,2016,9,11
783,2016-03-24,2016,3,24
784,2016-11-07,2016,11,7
785,2017-08-27,2017,8,27
786,2015-09-28,2015,9,28
787,2015-04-19,2015,4,19
788,2015-08-28,2015,8,28
789,2015-11-22,2015,11,22
790,2016-05-15,2016,5,15
791,2016-12-04,2016,12,4
792,2015-01-25,2015,1,25
793,2015-03-16,2015,3,16
794,2015-09-01,2015,9,1
795,2017-03-06,2017,3,6
796,2017-05-29,2017,5,29
797,2017-09-27,2017,9,27
798,2015-05-06,2015,5,6
799,2017-07-27,2017,7,27
800,2015-03-12,2015,3,12
801,2015-10-23,2015,10,23
802,2016-01-24,2016,1,24
803,2016-06-10,2016,6,10
804,2016-09-30,2016,9,30
805,2016-05-04,2016,5,4
806,2015-02-14,2015,2,14
807,2017-02-09,2017,2,9
808,2015-09-30,2015,9,30
809,2017-04-02,2017,4,2
810,2017-05-26,2017,5,26
811,2017-06-06,2017,6,6
812,2016-02-17,2016,2,17
813,2016-10-25,2016,10,25
814,2015-01-28,2015,1,28
815,2015-04-08,2015,4,8
816,2015-10-30,2015,10,30
817,2015-11-20,2015,11,20
818,2016-01-22,2016,1,22
819,2016-01-25,2016,1,25
820,2016-02-09,2016,2,9
821,2016-07-12,2016,7,12
822,2015-06-28,2015,6,28
823,2015-06-30,2015,6,30
824,2016-03-15,2016,3,15
825,2016-05-12,2016,5,12
826,2016-09-13,2016,9,13
827,2016-11-19,2016,11,19
828,2015-10-24,2015,10,24
829,2016-02-12,2016,2,12
830,2016-10-21,2016,10,21
831,2015-06-27,2015,6,27
832,2015-07-26,2015,7,26
833,2015-07-30,2015,7,30
834,2016-01-17,2016,1,17
835,2016-04-14,2016,4,14
836,2016-04-18,2016,4,18
837,2016-04-21,2016,4,21
838,2016-08-17,2016,8,17
839,2016-10-14,2016,10,14
840,2016-11-11,2016,11,11
841,2016-11-12,2016,11,12
842,2017-03-13,2017,3,13
843,2016-03-16,2016,3,16
844,2016-08-15,2016,8,15
845,2017-02-05,2017,2,5
846,2016-06-16,2016,6,16
847,2016-02-24,2016,2,24
848,2016-11-16,2016,11,16
849,2017-03-04,2017,3,4
850,2016-10-09,2016,10,9
851,2016-11-08,2016,11,8
852,2017-03-31,2017,3,31
853,2016-11-15,2016,11,15
854,2016-11-23,2016,11,23
855,2017-03-01,2017,3,1
856,2017-03-02,2017,3,2
857,2015-09-05,2015,9,5
858,2015-07-22,2015,7,22
859,2015-04-17,2015,4,17
860,2017-01-03,2017,1,3
861,2017-09-29,2017,9,29
862,2016-09-08,2016,9,8
863,2015-05-27,2015,5,27
864,2016-02-26,2016,2,26
865,2017-01-04,2017,1,4
866,2017-03-30,2017,3,30
867,2017-04-08,2017,4,8
868,2017-04-28,2017,4,28
869,2017-06-25,2017,6,25
870,2015-07-27,2015,7,27
871,2015-09-23,2015,9,23
872,2017-05-30,2017,5,30
873,2016-08-07,2016,8,7
874,2017-09-21,2017,9,21
875,2015-05-28,2015,5,28
876,2016-06-23,2016,6,23
877,2016-11-13,2016,11,13
878,2017-06-20,2017,6,20
879,2015-06-03,2015,6,3
880,2017-08-24,2017,8,24
881,2017-10-02,2017,10,2
882,2015-04-16,2015,4,16
883,2015-06-02,2015,6,2
884,2015-09-27,2015,9,27
885,2016-09-21,2016,9,21
886,2015-11-29,2015,11,29
887,2017-09-16,2017,9,16
888,2015-12-21,2015,12,21
889,2016-05-17,2016,5,17
890,2017-05-31,2017,5,31
891,2015-08-06,2015,8,6
892,2016-06-13,2016,6,13
893,2016-12-06,2016,12,6
894,2017-09-28,2017,9,28
895,2015-05-04,2015,5,4
896,2015-11-14,2015,11,14
897,2016-03-17,2016,3,17
898,2017-05-06,2017,5,6
899,2016-08-14,2016,8,14
900,2015-08-29,2015,8,29
901,2017-01-07,2017,1,7
902,2017-06-01,2017,6,1
903,2017-07-06,2017,7,6
904,2016-03-01,2016,3,1
905,2016-06-17,2016,6,17
906,2016-06-19,2016,6,19
907,2016-10-16,2016,10,16
908,2016-07-21,2016,7,21
909,2016-08-08,2016,8,8
910,2016-09-09,2016,9,9
911,2016-12-05,2016,12,5
912,2016-03-20,2016,3,20
913,2017-05-08,2017,5,8
914,2015-05-18,2015,5,18
915,2016-10-12,2016,10,12
916,2016-10-23,2016,10,23
917,2017-06-03,2017,6,3
918,2015-02-17,2015,2,17
919,2016-04-12,2016,4,12
920,2015-06-09,2015,6,9
921,2017-06-15,2017,6,15
922,2016-03-07,2016,3,7
923,2015-03-18,2015,3,18
924,2015-11-23,2015,11,23
925,2016-11-04,2016,11,4
926,2017-04-29,2017,4,29
927,2016-07-19,2016,7,19
928,2017-01-08,2017,1,8
929,2017-05-27,2017,5,27
930,2016-10-08,2016,10,8
931,2017-04-18,2017,4,18
932,2016-07-17,2016,7,17
933,2016-09-16,2016,9,16
934,2017-05-01,2017,5,1
935,2016-07-10,2016,7,10
936,2017-06-08,2017,6,8
937,2017-11-03,2017,11,3
938,2015-02-05,2015,2,5
939,2015-06-29,2015,6,29
940,2016-01-21,2016,1,21
941,2016-05-16,2016,5,16
942,2015-02-26,2015,2,26
943,2016-02-05,2016,2,5
944,2016-07-13,2016,7,13
945,2015-10-11,2015,10,11
946,2016-05-23,2016,5,23
947,2015-02-02,2015,2,2
948,2015-12-18,2015,12,18
949,2015-12-19,2015,12,19
950,2016-07-18,2016,7,18
951,2015-08-25,2015,8,25
952,2016-08-16,2016,8,16
953,2017-04-27,2017,4,27
954,2015-04-02,2015,4,2
955,2017-07-05,2017,7,5
956,2015-05-24,2015,5,24
957,2017-01-30,2017,1,30
958,2017-03-29,2017,3,29
959,2015-07-16,2015,7,16
960,2015-09-02,2015,9,2
961,2015-12-09,2015,12,9
962,2015-12-13,2015,12,13
963,2016-12-18,2016,12,18
964,2017-05-28,2017,5,28
965,2017-01-06,2017,1,6
966,2016-03-14,2016,3,14
967,2015-09-22,2015,9,22
968,2017-05-09,2017,5,9
969,2016-04-25,2016,4,25
970,2016-04-07,2016,4,7
971,2017-09-26,2017,9,26
972,2016-11-03,2016,11,3
973,2015-07-06,2015,7,6
974,2016-03-19,2016,3,19
975,2017-01-31,2017,1,31
976,2015-11-21,2015,11,21
977,2017-05-13,2017,5,13
978,2017-02-07,2017,2,7
979,2016-05-03,2016,5,3
980,2015-07-24,2015,7,24
981,2015-04-11,2015,4,11
982,2015-02-23,2015,2,23
983,2015-11-26,2015,11,26
984,2017-11-15,2017,11,15
985,2017-10-18,2017,10,18
986,2015-05-16,2015,5,16
987,2016-12-02,2016,12,2
988,2017-03-08,2017,3,8
989,2017-04-10,2017,4,10
990,2015-10-31,2015,10,31
991,2017-07-31,2017,7,31
992,2015-07-20,2015,7,20
993,2015-08-24,2015,8,24
994,2016-06-30,2016,6,30
995,2017-01-13,2017,1,13
996,2015-06-04,2015,6,4
997,2016-06-12,2016,6,12
998,2017-09-15,2017,9,15
999,2016-06-20,2016,6,20
1000,2016-07-15,2016,7,15
1001,2017-01-11,2017,1,11
1002,2017-09-24,2017,9,24
1003,2015-08-31,2015,8,31
1004,2016-05-19,2016,5,19
1005,2017-08-26,2017,8,26
1006,2017-07-26,2017,7,26
1007,2016-07-20,2016,7,20
1008,2017-03-03,2017,3,3
1009,2017-11-04,2017,11,4
1010,2017-10-04,2017,10,4
1011,2017-10-05,2017,10,5
1012,2017-10-06,2017,10,6
1013,2017-10-07,2017,10,7
1014,2017-10-11,2017,10,11
1015,2017-10-12,2017,10,12
1016,2017-10-13,2017,10,13
1017,2017-10-14,2017,10,14
1018,2017-10-16,2017,10,16
1019,2017-10-17,2017,10,17
1020,2017-11-02,2017,11,2
1021,2017-11-05,2017,11,5
1022,2017-11-06,2017,11,6
1023,2017-11-07,2017,11,7
1024,2017-11-10,2017,11,10
1025,2017-10-08,2017,10,8
1026,2017-10-09,2017,10,9
1027,2017-10-19,2017,10,19
1028,2017-10-22,2017,10,22
1029,2017-10-24,2017,10,24
1030,2017-10-30,2017,10,30
1031,2017-11-08,2017,11,8
1032,2017-10-03,2017,10,3
1033,2017-10-15,2017,10,15
1034,2017-10-20,2017,10,20
1035,2017-10-21,2017,10,21
1036,2017-10-25,2017,10,25
1037,2017-10-26,2017,10,26
1038,2017-11-09,2017,11,9
1039,2017-10-10,2017,10,10
1040,2017-10-27,2017,10,27
1041,2017-10-28,2017,10,28
1042,2017-10-29,2017,10,29
1043,2017-10-31,2017,10,31
1044,2017-11-01,2017,11,1
1045,2017-10-23,2017,10,23
1046,2017-11-14,2017,11,14
1047,2017-11-19,2017,11,19
1048,2017-11-20,2017,11,20
1049,2017-11-21,2017,11,21
1050,2017-11-22,2017,11,22
1051,2017-11-25,2017,11,25
1052,2017-11-26,2017,11,26
1053,2017-11-27,2017,11,27
1054,2017-11-28,2017,11,28
1055,2017-11-29,2017,11,29
1056,2017-12-10,2017,12,10
1057,2017-12-22,2017,12,22
1058,2017-12-26,2017,12,26
1059,2017-12-28,2017,12,28
1060,2017-12-01,2017,12,1
1061,2017-12-13,2017,12,13
1062,2017-12-14,2017,12,14
1063,2017-12-15,2017,12,15
1064,2017-12-21,2017,12,21
1065,2017-12-23,2017,12,23
1066,2017-12-29,2017,12,29
1067,2017-12-30,2017,12,30
1068,2017-12-02,2017,12,2
1069,2017-12-08,2017,12,8
1070,2017-12-09,2017,12,9
1071,2017-12-11,2017,12,11
1072,2017-12-12,2017,12,12
1073,2017-12-31,2017,12,31
1074,2017-11-16,2017,11,16
1075,2017-11-18,2017,11,18
1076,2017-12-03,2017,12,3
1077,2017-12-16,2017,12,16
1078,2017-12-24,2017,12,24
1079,2017-11-17,2017,11,17
1080,2017-11-30,2017,11,30
1081,2017-11-12,2017,11,12
1082,2017-11-13,2017,11,13
1083,2017-11-24,2017,11,24
1084,2017-12-19,2017,12,19
1085,2017-12-20,2017,12,20
1086,2017-12-25,2017,12,25
1087,2017-12-18,2017,12,18
1088,2017-12-04,2017,12,4
1089,2017-12-17,2017,12,17
1090,2017-11-11,2017,11,11
1091,2016-06-26,2016,6,26
1092,2017-12-05,2017,12,5
1093,2017-12-06,2017,12,6
1094,2017-12-07,2017,12,7
1095,2017-11-23,2017,11,23
1096,2017-12-27,2017,12,27
